program,bb_count,bb_max_inst,bb_min_inst,bb_mean_inst,ato_rate,bar_rate,cf_rate,composite_rate,cs_rate,fp_rate,image_rate,int_rate,ld_rate,ls_rate,mc_rate,mem_rate,mi_rate,st_rate,SIMT_efficency,compute,RayGen,Miss,ClosestHit,AnyHit,Callable,Vertex,Fragment,Geometry,TessellationControl,TessellationEvaluation,Intersection,FPS
vk_ray_tracing_ao_KHR_app,68.00 ,55.00 ,1.00 ,9.00 ,0.00%,0.00%,13.04%,0.89%,2.87%,2.90%,0.28%,13.75%,29.13%,10.17%,2.03%,8.76%,3.52%,12.68%,98.18%,100.00%,0.00%,0.00%,0.00%,0.00%,0.00%,0.00%,0.00%,0.00%,0.00%,0.00%,0.00%,6386
vk_ray_tracing_indirect_scissor_KHR_app,28.00 ,176.00 ,1.00 ,19.00 ,0.00%,0.00%,15.68%,4.57%,3.27%,7.18%,0.00%,2.21%,27.50%,0.76%,2.09%,21.88%,2.41%,12.45%,38.10%,100.00%,0.00%,0.00%,0.00%,0.00%,0.00%,0.00%,0.00%,0.00%,0.00%,0.00%,0.00%,978
raytracingsbtdata,11.00 ,57.00 ,1.00 ,12.00 ,0.00%,0.00%,10.29%,20.63%,4.45%,2.75%,0.92%,7.96%,21.85%,0.00%,3.60%,17.10%,1.34%,9.10%,99.65%,0.00%,96.16%,3.28%,0.56%,0.00%,0.00%,0.00%,0.00%,0.00%,0.00%,0.00%,0.00%,3546
raytracingshadows,2.00 ,17.00 ,7.00 ,12.00 ,0.00%,0.00%,14.21%,0.16%,0.00%,14.26%,14.15%,0.00%,42.73%,0.00%,0.00%,0.16%,0.00%,14.32%,93.07%,0.00%,43.71%,40.52%,15.77%,0.00%,0.00%,0.92%,99.08%,0.00%,0.00%,0.00%,0.00%,2833
raytracingreflections,2.00 ,17.00 ,7.00 ,12.00 ,0.00%,0.00%,14.21%,0.16%,0.00%,14.26%,14.15%,0.00%,42.73%,0.00%,0.00%,0.16%,0.00%,14.32%,93.49%,0.00%,38.08%,25.50%,36.42%,0.00%,0.00%,0.92%,99.08%,0.00%,0.00%,0.00%,0.00%,2632
bloom,24.00 ,54.00 ,1.00 ,14.00 ,0.00%,0.00%,9.61%,5.28%,0.00%,0.00%,0.00%,12.98%,36.54%,0.00%,0.00%,17.31%,0.00%,18.27%,86.60%,0.00%,0.00%,0.00%,0.00%,0.00%,0.00%,26.42%,73.58%,0.00%,0.00%,0.00%,0.00%,6048
conservativeraster,8.00 ,19.00 ,4.00 ,11.00 ,0.00%,0.00%,19.86%,20.05%,0.00%,0.13%,0.00%,0.00%,39.85%,0.00%,0.00%,0.19%,0.00%,19.92%,77.72%,0.00%,0.00%,0.00%,0.00%,0.00%,0.00%,1.03%,98.97%,0.00%,0.00%,0.00%,0.00%,7036
deferred,18.00 ,78.00 ,2.00 ,17.00 ,0.00%,0.00%,1.69%,37.29%,0.00%,1.69%,3.39%,3.39%,23.73%,0.00%,0.00%,8.47%,6.78%,13.56%,100.00%,0.00%,0.00%,0.00%,0.00%,0.00%,0.00%,0.00%,100.00%,0.00%,0.00%,0.00%,0.00%,2111
deferredmultisampling,30.00 ,78.00 ,2.00 ,14.00 ,0.00%,0.00%,1.69%,37.29%,0.00%,1.69%,3.39%,3.39%,23.73%,0.00%,0.00%,8.47%,6.78%,13.56%,100.00%,0.00%,0.00%,0.00%,0.00%,0.00%,0.00%,0.00%,100.00%,0.00%,0.00%,0.00%,0.00%,295
deferredshadows,54.00 ,98.00 ,1.00 ,11.00 ,0.00%,0.00%,20.88%,0.00%,4.04%,6.06%,0.00%,3.03%,31.65%,0.00%,0.00%,14.81%,4.04%,15.49%,99.84%,0.00%,0.00%,0.00%,0.00%,0.00%,0.00%,4.04%,0.00%,95.96%,0.00%,0.00%,0.00%,1392
descriptorindexing,4.00 ,24.00 ,7.00 ,14.00 ,0.00%,0.00%,12.49%,12.50%,0.00%,0.00%,12.49%,0.01%,37.49%,0.00%,0.00%,12.51%,0.00%,12.50%,98.53%,0.00%,0.00%,0.00%,0.00%,0.00%,0.00%,0.07%,99.93%,0.00%,0.00%,0.00%,0.00%,6177
descriptorsets,4.00 ,23.00 ,7.00 ,14.00 ,0.00%,0.00%,9.09%,36.36%,0.00%,9.09%,9.09%,0.00%,27.27%,0.00%,0.00%,0.00%,0.00%,9.09%,99.11%,0.00%,0.00%,0.00%,0.00%,0.00%,0.00%,0.03%,99.97%,0.00%,0.00%,0.00%,0.00%,6083
displacement,8.00 ,96.00 ,4.00 ,28.00 ,0.00%,0.00%,1.66%,18.01%,0.00%,8.03%,3.05%,6.09%,26.31%,0.00%,0.00%,16.06%,7.76%,13.02%,95.26%,0.00%,0.00%,0.00%,0.00%,0.00%,0.00%,0.00%,73.43%,0.00%,0.00%,26.56%,0.00%,4186
distancefieldfonts,8.00 ,28.00 ,7.00 ,15.00 ,0.00%,0.00%,6.56%,14.75%,1.64%,9.84%,1.64%,0.00%,32.79%,0.00%,0.00%,13.11%,6.56%,13.11%,99.35%,0.00%,0.00%,0.00%,0.00%,0.00%,0.00%,0.00%,100.00%,0.00%,0.00%,0.00%,0.00%,5890
dynamicuniformbuffer,4.00 ,35.00 ,7.00 ,16.00 ,0.00%,0.00%,14.13%,56.83%,0.00%,0.16%,0.00%,0.00%,14.40%,0.00%,0.00%,0.23%,0.00%,14.25%,95.79%,0.00%,0.00%,0.00%,0.00%,0.00%,0.00%,1.37%,98.63%,0.00%,0.00%,0.00%,0.00%,6367
gears,4.00 ,58.00 ,7.00 ,33.00 ,0.00%,0.00%,1.96%,17.74%,0.00%,9.73%,0.00%,9.81%,23.55%,0.00%,0.00%,11.80%,11.69%,13.73%,93.76%,0.00%,0.00%,0.00%,0.00%,0.00%,0.00%,0.94%,99.06%,0.00%,0.00%,0.00%,0.00%,6219
geometryshader,12.00 ,51.00 ,1.00 ,16.00 ,0.00%,0.00%,2.08%,9.33%,0.00%,8.16%,0.00%,8.31%,26.94%,0.00%,0.00%,14.55%,14.00%,16.63%,97.27%,0.00%,0.00%,0.00%,0.00%,0.00%,0.00%,3.99%,96.01%,0.00%,0.00%,0.00%,0.00%,6500
gltfloading,4.00 ,74.00 ,7.00 ,38.00 ,0.00%,0.00%,1.57%,26.44%,0.00%,4.01%,0.88%,7.63%,25.73%,0.00%,0.00%,14.39%,6.15%,13.21%,93.17%,0.00%,0.00%,0.00%,0.00%,0.00%,0.00%,50.80%,49.20%,0.00%,0.00%,0.00%,0.00%,5894
gltfscenerendering,8.00 ,80.00 ,1.00 ,24.00 ,0.00%,0.00%,2.94%,26.47%,0.00%,4.90%,1.96%,4.90%,25.49%,0.00%,0.00%,11.77%,9.80%,11.77%,89.50%,0.00%,0.00%,0.00%,0.00%,0.00%,0.00%,0.07%,99.93%,0.00%,0.00%,0.00%,0.00%,3780
gltfskinning,4.00 ,152.00 ,7.00 ,58.00 ,0.00%,0.00%,1.30%,23.76%,0.00%,7.93%,1.02%,7.66%,24.87%,0.00%,1.10%,13.75%,7.70%,10.92%,91.86%,0.00%,0.00%,0.00%,0.00%,0.00%,0.00%,41.75%,58.25%,0.00%,0.00%,0.00%,0.00%,3321
hdr,25.00 ,116.00 ,2.00 ,17.00 ,0.00%,0.00%,11.29%,6.47%,1.61%,3.22%,1.61%,3.22%,17.75%,0.00%,0.00%,38.69%,3.22%,12.90%,100.00%,0.00%,0.00%,0.00%,0.00%,0.00%,0.00%,0.00%,100.00%,0.00%,0.00%,0.00%,0.00%,1821
imgui,4.00 ,64.00 ,7.00 ,32.00 ,0.00%,0.00%,2.31%,10.02%,0.00%,4.61%,0.00%,9.27%,27.76%,0.00%,0.00%,13.96%,15.89%,16.19%,97.50%,0.00%,0.00%,0.00%,0.00%,0.00%,0.00%,2.40%,97.60%,0.00%,0.00%,0.00%,0.00%,7892
indirectdraw,10.00 ,147.00 ,1.00 ,28.00 ,0.00%,0.00%,8.94%,10.45%,0.00%,35.53%,0.00%,0.12%,9.12%,0.00%,0.00%,9.06%,17.76%,9.00%,82.78%,0.00%,0.00%,0.00%,0.00%,0.00%,0.00%,2.29%,97.71%,0.00%,0.00%,0.00%,0.00%,411
inlineuniformblocks,11.00 ,65.00 ,2.00 ,28.00 ,0.00%,0.00%,3.47%,13.44%,0.29%,10.48%,0.00%,4.89%,28.39%,0.00%,0.00%,18.47%,5.22%,15.35%,90.50%,0.00%,0.00%,0.00%,0.00%,0.00%,0.00%,25.63%,74.37%,0.00%,0.00%,0.00%,0.00%,5847
inputattachments,11.00 ,37.00 ,1.00 ,15.00 ,0.00%,0.00%,2.70%,2.72%,21.59%,0.01%,0.00%,8.11%,35.13%,0.00%,0.00%,5.42%,5.40%,18.92%,90.21%,0.00%,0.00%,0.00%,0.00%,0.00%,0.00%,0.16%,99.84%,0.00%,0.00%,0.00%,0.00%,6107
instancing,15.00 ,217.00 ,2.00 ,36.00 ,0.00%,0.00%,7.25%,8.69%,1.45%,15.97%,0.00%,1.45%,26.11%,0.00%,0.00%,21.70%,5.80%,11.60%,86.16%,0.00%,0.00%,0.00%,0.00%,0.00%,0.00%,0.00%,100.00%,0.00%,0.00%,0.00%,0.00%,2240
multisampling,4.00 ,66.00 ,7.00 ,36.00 ,0.00%,0.00%,1.74%,17.35%,0.00%,6.74%,1.63%,7.06%,27.69%,0.00%,0.00%,12.38%,11.41%,14.01%,93.64%,0.00%,0.00%,0.00%,0.00%,0.00%,0.00%,7.08%,92.92%,0.00%,0.00%,0.00%,0.00%,7018
multithreading,17.00 ,43.00 ,2.00 ,14.00 ,0.00%,0.00%,17.01%,26.16%,3.18%,3.11%,0.00%,4.68%,20.28%,0.00%,0.00%,13.05%,0.13%,12.41%,94.35%,0.00%,0.00%,0.00%,0.00%,0.00%,0.00%,99.20%,0.80%,0.00%,0.00%,0.00%,0.00%,40
multiview,26.00 ,58.00 ,2.00 ,11.00 ,0.00%,0.00%,2.08%,8.57%,0.00%,8.28%,0.00%,8.32%,27.11%,0.00%,0.00%,14.59%,14.42%,16.63%,99.48%,0.00%,0.00%,0.00%,0.00%,0.00%,0.00%,1.15%,98.85%,0.00%,0.00%,0.00%,0.00%,6625
negativeviewporaytracingheight,4.00 ,17.00 ,5.00 ,9.00 ,0.00%,0.00%,10.00%,40.00%,0.00%,0.00%,0.00%,0.00%,20.00%,0.00%,0.00%,10.00%,0.00%,20.00%,99.39%,0.00%,0.00%,0.00%,0.00%,0.00%,0.00%,100.00%,0.00%,0.00%,0.00%,0.00%,0.00%,7356
occlusionquery,11.00 ,61.00 ,1.00 ,16.00 ,0.00%,0.00%,49.99%,0.00%,0.00%,0.00%,0.00%,0.00%,0.00%,0.00%,0.00%,0.00%,0.00%,49.99%,99.19%,0.00%,0.00%,0.00%,0.00%,0.00%,0.00%,0.02%,99.98%,0.00%,0.00%,0.00%,0.00%,6982
offscreen,22.00 ,55.00 ,1.00 ,11.00 ,0.00%,0.00%,2.56%,28.84%,0.26%,2.83%,0.00%,10.51%,23.64%,0.00%,0.00%,15.45%,3.06%,12.86%,87.26%,0.00%,0.00%,0.00%,0.00%,0.00%,0.00%,84.99%,15.01%,0.00%,0.00%,0.00%,0.00%,6250
oit,30.00 ,22.00 ,1.00 ,7.00 ,2.05%,0.00%,7.46%,14.08%,1.07%,0.00%,0.00%,9.82%,26.40%,0.00%,0.99%,25.57%,0.99%,11.56%,86.60%,0.00%,0.00%,0.00%,0.00%,0.00%,0.00%,65.48%,34.52%,0.00%,0.00%,0.00%,0.00%,2811
parallaxmapping,36.00 ,102.00 ,1.00 ,13.00 ,0.00%,0.00%,19.48%,3.86%,5.39%,9.39%,2.90%,3.09%,32.57%,0.38%,2.39%,6.94%,1.20%,12.40%,82.66%,0.00%,0.00%,0.00%,0.00%,0.00%,0.00%,0.00%,100.00%,0.00%,0.00%,0.00%,0.00%,5975
pbrbasic,2.00 ,17.00 ,7.00 ,12.00 ,0.00%,0.00%,6.70%,4.02%,1.16%,11.92%,0.00%,4.40%,30.72%,0.00%,0.00%,17.71%,6.55%,16.82%,92.72%,0.00%,0.00%,0.00%,0.00%,0.00%,0.00%,3.50%,96.50%,0.00%,0.00%,0.00%,0.00%,6053
pbribl,64.00 ,100.00 ,1.00 ,23.00 ,0.00%,0.00%,11.27%,5.63%,3.89%,3.83%,0.00%,11.68%,0.63%,6.81%,2.92%,9.13%,4.45%,8.62%,12.69%,0.00%,0.00%,0.00%,0.00%,0.00%,0.00%,0.00%,100.00%,0.00%,0.00%,0.00%,0.00%,6104
pipelinestatistics,4.00 ,79.00 ,7.00 ,36.00 ,0.00%,0.00%,1.30%,41.90%,0.00%,3.83%,0.00%,6.43%,20.51%,0.00%,0.00%,13.93%,0.55%,11.56%,92.62%,0.00%,0.00%,0.00%,0.00%,0.00%,0.00%,96.62%,3.38%,0.00%,0.00%,0.00%,0.00%,6708
pushconstants,4.00 ,41.00 ,5.00 ,17.00 ,0.00%,0.00%,3.49%,33.30%,0.00%,4.59%,0.00%,6.88%,23.03%,0.00%,0.00%,18.35%,0.00%,10.37%,95.75%,0.00%,0.00%,0.00%,0.00%,0.00%,0.00%,94.02%,5.98%,0.00%,0.00%,0.00%,0.00%,6189
pushdescriptors,4.00 ,23.00 ,7.00 ,14.00 ,0.00%,0.00%,9.09%,36.36%,0.00%,9.09%,9.09%,0.00%,27.27%,0.00%,0.00%,0.00%,0.00%,9.09%,99.11%,0.00%,0.00%,0.00%,0.00%,0.00%,0.00%,0.03%,99.97%,0.00%,0.00%,0.00%,0.00%,6424
radialblur,27.00 ,45.00 ,1.00 ,10.00 ,0.00%,0.00%,45.29%,9.16%,4.53%,0.00%,4.53%,0.04%,18.21%,9.05%,0.00%,4.61%,0.00%,4.59%,100.00%,0.00%,0.00%,0.00%,0.00%,0.00%,0.00%,0.41%,99.59%,0.00%,0.00%,0.00%,0.00%,5307
rayquery,6.00 ,66.00 ,1.00 ,22.00 ,0.00%,0.00%,3.80%,26.43%,0.80%,2.74%,0.00%,7.84%,24.55%,0.00%,0.00%,12.71%,8.16%,12.97%,98.36%,0.00%,0.00%,0.00%,0.00%,0.00%,0.00%,63.90%,36.10%,0.00%,0.00%,0.00%,0.00%,5869
raytracingcallable,2.00 ,17.00 ,7.00 ,12.00 ,0.00%,0.00%,14.21%,0.16%,0.00%,14.26%,14.15%,0.00%,42.73%,0.00%,0.00%,0.16%,0.00%,14.32%,93.47%,0.00%,0.00%,0.00%,0.00%,0.00%,0.00%,0.92%,99.08%,0.00%,0.00%,0.00%,0.00%,4308
shadowmapping,31.00 ,67.00 ,1.00 ,11.00 ,0.00%,0.00%,9.09%,36.36%,0.00%,0.00%,0.00%,9.09%,18.18%,0.00%,0.00%,18.18%,0.00%,9.09%,90.09%,0.00%,0.00%,0.00%,0.00%,0.00%,0.00%,100.00%,0.00%,0.00%,0.00%,0.00%,0.00%,6581
shadowmappingcascade,49.00 ,45.00 ,1.00 ,9.00 ,0.00%,0.00%,27.26%,9.10%,9.09%,0.00%,9.09%,0.00%,27.27%,0.00%,0.00%,9.10%,0.00%,9.09%,49.46%,0.00%,0.00%,0.00%,0.00%,0.00%,0.00%,0.06%,99.94%,0.00%,0.00%,0.00%,0.00%,854
shadowmappingomni,25.00 ,72.00 ,1.00 ,14.00 ,0.00%,0.00%,10.00%,10.01%,0.00%,10.00%,0.00%,0.00%,30.00%,0.00%,0.00%,10.00%,10.00%,20.00%,88.74%,0.00%,0.00%,0.00%,0.00%,0.00%,0.00%,0.02%,99.98%,0.00%,0.00%,0.00%,0.00%,3966
specializationconstant,20.00 ,66.00 ,1.00 ,13.00 ,0.00%,0.00%,3.06%,27.31%,0.00%,4.07%,0.00%,7.61%,22.33%,0.00%,0.00%,18.83%,3.59%,13.19%,92.46%,0.00%,0.00%,0.00%,0.00%,0.00%,0.00%,66.70%,33.30%,0.00%,0.00%,0.00%,0.00%,6921
sphericalenvmapping,4.00 ,64.00 ,7.00 ,34.00 ,0.00%,0.00%,1.86%,21.67%,0.00%,8.68%,1.25%,4.27%,24.69%,0.00%,1.25%,17.26%,7.98%,11.09%,93.80%,0.00%,0.00%,0.00%,0.00%,0.00%,0.00%,38.57%,61.43%,0.00%,0.00%,0.00%,0.00%,6366
ssao,35.00 ,96.00 ,1.00 ,14.00 ,0.00%,0.00%,3.39%,22.04%,0.00%,16.93%,1.69%,3.40%,23.73%,0.00%,0.00%,15.26%,3.39%,10.17%,89.50%,0.00%,0.00%,0.00%,0.00%,0.00%,0.00%,0.10%,99.90%,0.00%,0.00%,0.00%,0.00%,1041
stencilbuffer,18.00 ,57.00 ,1.00 ,9.00 ,0.00%,0.00%,16.71%,22.24%,4.94%,0.53%,0.00%,6.74%,23.09%,0.00%,0.00%,10.23%,4.13%,11.39%,95.45%,0.00%,0.00%,0.00%,0.00%,0.00%,0.00%,29.96%,70.04%,0.00%,0.00%,0.00%,0.00%,6299
subpasses,19.00 ,64.00 ,1.00 ,16.00 ,0.00%,0.00%,4.12%,18.90%,0.00%,20.42%,0.00%,0.24%,18.85%,0.00%,0.00%,14.69%,4.17%,18.62%,92.99%,0.00%,0.00%,0.00%,0.00%,0.00%,0.00%,2.23%,97.77%,0.00%,0.00%,0.00%,0.00%,2691
terraintessellation,32.00 ,127.00 ,1.00 ,17.00 ,0.00%,0.00%,7.69%,38.41%,0.00%,0.00%,7.64%,0.05%,23.08%,0.00%,0.00%,7.74%,0.00%,15.38%,93.23%,0.00%,0.00%,0.00%,0.00%,0.00%,0.00%,0.67%,99.33%,0.00%,0.00%,0.00%,0.00%,5290
tessellation,12.00 ,327.00 ,4.00 ,64.00 ,0.00%,0.00%,4.52%,8.53%,0.41%,4.91%,2.45%,6.95%,30.73%,0.00%,0.00%,20.07%,7.35%,14.09%,91.70%,0.00%,0.00%,0.00%,0.00%,0.00%,0.00%,3.54%,58.77%,0.00%,10.65%,27.04%,0.00%,3304
texture,4.00 ,84.00 ,7.00 ,40.00 ,0.00%,0.00%,1.85%,11.11%,0.00%,7.41%,1.85%,5.56%,29.63%,0.00%,0.00%,14.81%,12.96%,14.81%,99.26%,0.00%,0.00%,0.00%,0.00%,0.00%,0.00%,0.00%,100.00%,0.00%,0.00%,0.00%,0.00%,6386
texture3d,4.00 ,86.00 ,7.00 ,40.00 ,0.00%,0.00%,1.89%,9.43%,0.00%,5.66%,1.89%,7.55%,28.30%,0.00%,0.00%,16.98%,13.21%,15.09%,99.26%,0.00%,0.00%,0.00%,0.00%,0.00%,0.00%,0.00%,100.00%,0.00%,0.00%,0.00%,0.00%,6360
texturearray,4.00 ,29.00 ,5.00 ,14.00 ,0.00%,0.00%,19.95%,0.07%,0.00%,0.00%,19.94%,0.03%,39.97%,0.00%,0.00%,0.06%,0.00%,19.97%,97.87%,0.00%,0.00%,0.00%,0.00%,0.00%,0.00%,0.31%,99.69%,0.00%,0.00%,0.00%,0.00%,6216
texturecubemap,6.00 ,88.00 ,5.00 ,31.00 ,0.00%,0.00%,20.00%,0.00%,0.00%,0.00%,20.00%,0.00%,40.00%,0.00%,0.00%,0.00%,0.00%,20.00%,95.40%,0.00%,0.00%,0.00%,0.00%,0.00%,0.00%,0.01%,99.99%,0.00%,0.00%,0.00%,0.00%,6327
texturecubemaparray,6.00 ,95.00 ,7.00 ,33.00 ,0.00%,0.00%,7.14%,28.57%,0.00%,0.00%,7.14%,0.00%,28.57%,0.00%,7.14%,14.29%,0.00%,7.14%,95.40%,0.00%,0.00%,0.00%,0.00%,0.00%,0.00%,0.00%,100.00%,0.00%,0.00%,0.00%,0.00%,7133
texturemipmapgen,4.00 ,63.00 ,7.00 ,36.00 ,0.00%,0.00%,1.72%,10.35%,0.00%,5.17%,3.45%,5.17%,31.03%,0.00%,0.00%,17.24%,12.07%,13.79%,99.18%,0.00%,0.00%,0.00%,0.00%,0.00%,0.00%,0.00%,100.00%,0.00%,0.00%,0.00%,0.00%,5346
texturesparseresidency,6.00 ,19.00 ,2.00 ,11.00 ,0.00%,0.00%,16.66%,8.34%,0.00%,0.00%,0.00%,0.00%,25.01%,4.17%,0.00%,12.50%,8.34%,24.99%,99.36%,0.00%,0.00%,0.00%,0.00%,0.00%,0.00%,0.00%,100.00%,0.00%,0.00%,0.00%,0.00%,6258
triangle,2.00 ,19.00 ,7.00 ,13.00 ,0.00%,0.00%,14.29%,57.14%,0.00%,0.00%,0.00%,0.00%,14.29%,0.00%,0.00%,0.00%,0.00%,14.29%,99.17%,0.00%,0.00%,0.00%,0.00%,0.00%,0.00%,0.01%,99.99%,0.00%,0.00%,0.00%,0.00%,8364
variablerateshading,38.00 ,84.00 ,1.00 ,8.00 ,0.00%,0.00%,4.66%,25.26%,0.93%,4.67%,1.86%,4.69%,25.24%,0.00%,0.00%,12.16%,9.30%,11.23%,62.65%,0.00%,0.00%,0.00%,0.00%,0.00%,0.00%,0.45%,99.55%,0.00%,0.00%,0.00%,0.00%,6201
veraytracingexattributes,8.00 ,80.00 ,1.00 ,23.00 ,0.00%,0.00%,3.03%,23.24%,1.01%,4.04%,2.02%,5.05%,26.26%,0.00%,0.00%,13.13%,10.09%,12.12%,89.50%,0.00%,0.00%,0.00%,0.00%,0.00%,0.00%,0.07%,99.93%,0.00%,0.00%,0.00%,0.00%,5414
viewporaytracingarray,10.00 ,62.00 ,2.00 ,16.00 ,0.00%,0.00%,3.22%,9.90%,0.29%,7.37%,0.00%,8.02%,27.93%,0.00%,0.00%,14.42%,12.43%,16.44%,93.28%,0.00%,0.00%,0.00%,0.00%,0.00%,0.00%,0.41%,83.23%,16.36%,0.00%,0.00%,0.00%,6091
vk_ray_tracing__advance_KHR_app,20.00 ,60.00 ,1.00 ,19.00 ,0.00%,0.00%,7.69%,7.69%,0.00%,0.00%,7.69%,0.00%,30.77%,0.00%,0.00%,15.38%,7.69%,23.08%,100.00%,0.00%,0.00%,0.00%,0.00%,0.00%,0.00%,59.38%,40.63%,0.00%,0.00%,0.00%,0.00%,7856
vk_ray_tracing__before_KHR_app,17.00 ,58.00 ,1.00 ,19.00 ,0.00%,0.00%,8.84%,4.09%,2.72%,3.40%,0.00%,2.04%,27.21%,0.00%,1.36%,29.93%,4.08%,16.33%,100.00%,0.00%,0.00%,0.00%,0.00%,0.00%,0.00%,27.23%,72.77%,0.00%,0.00%,0.00%,0.00%,7586
vk_ray_tracing__simple_KHR_app,17.00 ,58.00 ,1.00 ,19.00 ,0.00%,0.00%,7.69%,7.69%,0.00%,0.00%,7.69%,0.00%,30.77%,0.00%,0.00%,15.38%,7.69%,23.08%,100.00%,0.00%,0.00%,0.00%,0.00%,0.00%,0.00%,59.38%,40.63%,0.00%,0.00%,0.00%,0.00%,5529
vk_ray_tracing_advanced_compilation_KHR_app,17.00 ,58.00 ,1.00 ,19.00 ,0.00%,0.00%,7.69%,7.69%,0.00%,0.00%,7.69%,0.00%,30.77%,0.00%,0.00%,15.38%,7.69%,23.08%,100.00%,0.00%,0.00%,0.00%,0.00%,0.00%,0.00%,59.38%,40.63%,0.00%,0.00%,0.00%,0.00%,5596
vk_ray_tracing_animation_KHR_app,17.00 ,58.00 ,1.00 ,19.00 ,0.00%,0.00%,7.69%,7.69%,0.00%,0.00%,7.69%,0.00%,30.77%,0.00%,0.00%,15.38%,7.69%,23.08%,100.00%,0.00%,0.00%,0.00%,0.00%,0.00%,0.00%,59.38%,40.63%,0.00%,0.00%,0.00%,0.00%,2187
vk_ray_tracing_anyhit_KHR_app,17.00 ,58.00 ,1.00 ,19.00 ,0.00%,0.00%,7.69%,7.69%,0.00%,0.00%,7.69%,0.00%,30.77%,0.00%,0.00%,15.38%,7.69%,23.08%,100.00%,0.00%,0.00%,0.00%,0.00%,0.00%,0.00%,59.38%,40.63%,0.00%,0.00%,0.00%,0.00%,666
vk_ray_tracing_ao_KHR_app,21.00 ,55.00 ,1.00 ,17.00 ,0.00%,0.00%,9.55%,5.03%,3.02%,5.03%,0.00%,2.51%,25.63%,1.51%,3.52%,24.12%,5.53%,14.57%,100.00%,0.00%,0.00%,0.00%,0.00%,0.00%,0.00%,21.65%,78.35%,0.00%,0.00%,0.00%,0.00%,6386
vk_ray_tracing_callable_KHR_app,20.00 ,60.00 ,1.00 ,19.00 ,0.00%,0.00%,7.69%,7.69%,0.00%,0.00%,7.69%,0.00%,30.77%,0.00%,0.00%,15.38%,7.69%,23.08%,100.00%,0.00%,0.00%,0.00%,0.00%,0.00%,0.00%,59.38%,40.63%,0.00%,0.00%,0.00%,0.00%,5086
vk_ray_tracing_gltf_KHR_app,13.00 ,55.00 ,5.00 ,20.00 ,0.00%,0.00%,7.69%,7.69%,0.00%,0.00%,7.69%,0.00%,30.77%,0.00%,0.00%,15.38%,7.69%,23.08%,100.00%,0.00%,0.00%,0.00%,0.00%,0.00%,0.00%,59.38%,40.63%,0.00%,0.00%,0.00%,0.00%,3157
vk_ray_tracing_indirect_scissor_KHR_app,17.00 ,58.00 ,1.00 ,19.00 ,0.00%,0.00%,7.69%,7.69%,0.00%,0.00%,7.69%,0.00%,30.77%,0.00%,0.00%,15.38%,7.69%,23.08%,100.00%,0.00%,0.00%,0.00%,0.00%,0.00%,0.00%,59.38%,40.63%,0.00%,0.00%,0.00%,0.00%,978
vk_ray_tracing_instances_KHR_app,17.00 ,58.00 ,1.00 ,19.00 ,0.00%,0.00%,7.69%,7.69%,0.00%,0.00%,7.69%,0.00%,30.77%,0.00%,0.00%,15.38%,7.69%,23.08%,100.00%,0.00%,0.00%,0.00%,0.00%,0.00%,0.00%,59.38%,40.63%,0.00%,0.00%,0.00%,0.00%,5309
vk_ray_tracing_intersection_KHR_app,17.00 ,58.00 ,1.00 ,19.00 ,0.00%,0.00%,7.69%,7.69%,0.00%,0.00%,7.69%,0.00%,30.77%,0.00%,0.00%,15.38%,7.69%,23.08%,100.00%,0.00%,0.00%,0.00%,0.00%,0.00%,0.00%,59.38%,40.63%,0.00%,0.00%,0.00%,0.00%,3297
vk_ray_tracing_jitter_cam_KHR_app,17.00 ,58.00 ,1.00 ,19.00 ,0.00%,0.00%,7.69%,7.69%,0.00%,0.00%,7.69%,0.00%,30.77%,0.00%,0.00%,15.38%,7.69%,23.08%,100.00%,0.00%,0.00%,0.00%,0.00%,0.00%,0.00%,59.38%,40.63%,0.00%,0.00%,0.00%,0.00%,7829
vk_ray_tracing_manyhits_KHR_app,17.00 ,58.00 ,1.00 ,19.00 ,0.00%,0.00%,7.69%,7.69%,0.00%,0.00%,7.69%,0.00%,30.77%,0.00%,0.00%,15.38%,7.69%,23.08%,100.00%,0.00%,0.00%,0.00%,0.00%,0.00%,0.00%,59.38%,40.63%,0.00%,0.00%,0.00%,0.00%,6329
vk_ray_tracing_rayquery_KHR_app,24.00 ,63.00 ,1.00 ,15.00 ,0.00%,0.00%,9.09%,4.75%,2.37%,4.75%,0.00%,2.45%,28.56%,0.00%,0.95%,24.21%,6.65%,16.22%,100.00%,0.00%,0.00%,0.00%,0.00%,0.00%,0.00%,20.45%,79.55%,0.00%,0.00%,0.00%,0.00%,6987
vk_ray_tracing_reflections_KHR_app,17.00 ,58.00 ,1.00 ,19.00 ,0.00%,0.00%,7.69%,7.69%,0.00%,0.00%,7.69%,0.00%,30.77%,0.00%,0.00%,15.38%,7.69%,23.08%,100.00%,0.00%,0.00%,0.00%,0.00%,0.00%,0.00%,59.38%,40.63%,0.00%,0.00%,0.00%,0.00%,4326
vk_ray_tracing_specialization_KHR_app,17.00 ,58.00 ,1.00 ,19.00 ,0.00%,0.00%,7.69%,7.69%,0.00%,0.00%,7.69%,0.00%,30.77%,0.00%,0.00%,15.38%,7.69%,23.08%,100.00%,0.00%,0.00%,0.00%,0.00%,0.00%,0.00%,59.38%,40.63%,0.00%,0.00%,0.00%,0.00%,5496
vulkanscene,15.00 ,84.00 ,1.00 ,20.00 ,0.00%,0.00%,2.14%,14.24%,0.00%,5.02%,0.00%,11.43%,26.42%,0.00%,0.00%,14.28%,10.04%,16.43%,99.62%,0.00%,0.00%,0.00%,0.00%,0.00%,0.00%,38.18%,61.82%,0.00%,0.00%,0.00%,0.00%,5899
raytracingcallable,6.00 ,79.00 ,2.00 ,20.00 ,0.00%,0.00%,2.49%,20.99%,0.00%,4.92%,1.23%,4.97%,25.91%,0.00%,3.74%,19.71%,2.49%,13.56%,99.43%,0.00%,97.05%,2.40%,0.18%,0.00%,0.37%,0.00%,0.00%,0.00%,0.00%,0.00%,0.00%,4308
raytracingbasic,3.00 ,70.00 ,2.00 ,29.00 ,0.00%,0.00%,2.71%,21.84%,0.00%,4.42%,1.35%,5.41%,25.27%,0.00%,4.06%,18.51%,2.71%,13.72%,99.57%,0.00%,94.74%,2.34%,2.91%,0.00%,0.00%,0.00%,0.00%,0.00%,0.00%,0.00%,0.00%,8500
raytracingtextures,18.00 ,70.00 ,1.00 ,17.00 ,0.00%,0.00%,6.14%,13.89%,1.03%,3.15%,0.98%,7.80%,28.87%,0.00%,3.58%,19.18%,1.77%,13.63%,94.74%,0.00%,53.24%,1.26%,10.96%,34.55%,0.00%,0.00%,0.00%,0.00%,0.00%,0.00%,0.00%,3067
raytracingshadows,7.00 ,116.00 ,1.00 ,37.00 ,0.00%,0.00%,2.25%,11.72%,0.00%,3.14%,0.54%,8.44%,28.35%,0.00%,4.55%,25.41%,2.45%,13.16%,96.72%,0.00%,42.70%,1.00%,56.30%,0.00%,0.00%,0.00%,0.00%,0.00%,0.00%,0.00%,0.00%,2833
vk_ray_tracing__advance_KHR_app,59.00 ,181.00 ,1.00 ,15.00 ,0.00%,0.00%,10.00%,5.72%,1.91%,3.20%,0.05%,9.47%,28.10%,5.30%,1.56%,17.22%,2.40%,15.08%,95.49%,0.00%,40.93%,1.24%,49.18%,5.08%,3.57%,0.00%,0.00%,0.00%,0.00%,0.00%,0.00%,7856
vk_ray_tracing_jitter_cam_KHR_app,39.00 ,162.00 ,1.00 ,16.00 ,0.00%,0.00%,7.77%,6.84%,1.63%,4.38%,0.06%,7.87%,29.65%,3.02%,1.57%,18.19%,3.23%,15.78%,99.10%,0.00%,37.44%,1.48%,61.08%,0.00%,0.00%,0.00%,0.00%,0.00%,0.00%,0.00%,0.00%,7829
vk_ray_tracing_anyhit_KHR_app,59.00 ,162.00 ,1.00 ,14.00 ,0.00%,0.00%,10.92%,2.30%,2.20%,1.32%,0.01%,18.11%,30.58%,13.30%,0.74%,6.94%,1.16%,12.40%,98.89%,0.00%,32.58%,1.32%,45.56%,20.53%,0.00%,0.00%,0.00%,0.00%,0.00%,0.00%,0.00%,666
raytracingreflections,19.00 ,108.00 ,1.00 ,18.00 ,0.00%,0.00%,6.17%,7.78%,1.69%,3.12%,0.23%,8.18%,27.55%,0.00%,3.95%,26.47%,2.20%,12.66%,90.68%,0.00%,32.51%,3.81%,63.68%,0.00%,0.00%,0.00%,0.00%,0.00%,0.00%,0.00%,0.00%,2632
vk_ray_tracing_gltf_KHR_app,30.00 ,290.00 ,1.00 ,23.00 ,0.00%,0.00%,7.62%,3.37%,1.51%,3.52%,0.06%,12.16%,30.42%,7.49%,1.55%,16.77%,2.43%,13.09%,71.78%,0.00%,30.11%,2.72%,67.17%,0.00%,0.00%,0.00%,0.00%,0.00%,0.00%,0.00%,0.00%,3157
vk_ray_tracing_reflections_KHR_app,30.00 ,164.00 ,1.00 ,18.00 ,0.00%,0.00%,7.33%,9.80%,1.56%,4.88%,0.22%,4.29%,27.34%,0.28%,1.50%,25.17%,2.88%,14.76%,97.28%,0.00%,28.27%,1.73%,70.00%,0.00%,0.00%,0.00%,0.00%,0.00%,0.00%,0.00%,0.00%,4326
vk_ray_tracing_indirect_scissor_KHR_app,42.00 ,169.00 ,1.00 ,15.00 ,0.00%,0.00%,7.59%,8.96%,1.87%,4.71%,0.31%,4.58%,27.61%,0.00%,1.94%,26.13%,2.77%,13.53%,97.55%,0.00%,20.08%,1.72%,78.20%,0.00%,0.00%,0.00%,0.00%,0.00%,0.00%,0.00%,0.00%,978
vk_ray_tracing_animation_KHR_app,20.00 ,162.00 ,1.00 ,22.00 ,0.00%,0.00%,4.98%,10.89%,1.17%,5.03%,0.30%,4.76%,28.78%,0.00%,1.85%,24.91%,3.26%,14.07%,97.80%,0.00%,17.55%,2.16%,80.29%,0.00%,0.00%,0.00%,0.00%,0.00%,0.00%,0.00%,0.00%,2187
vk_ray_tracing_instances_KHR_app,20.00 ,162.00 ,1.00 ,22.00 ,0.00%,0.00%,4.96%,10.98%,1.16%,4.96%,0.30%,4.77%,28.72%,0.00%,1.88%,25.09%,3.15%,14.02%,91.46%,0.00%,17.51%,2.16%,80.34%,0.00%,0.00%,0.00%,0.00%,0.00%,0.00%,0.00%,0.00%,5309
vk_ray_tracing_manyhits_KHR_app,21.00 ,162.00 ,1.00 ,22.00 ,0.00%,0.00%,4.97%,11.07%,1.14%,5.05%,0.31%,4.77%,28.73%,0.00%,1.86%,24.61%,3.36%,14.12%,98.52%,0.00%,17.30%,2.13%,80.57%,0.00%,0.00%,0.00%,0.00%,0.00%,0.00%,0.00%,0.00%,6329
vk_ray_tracing_advanced_compilation_KHR_app,27.00 ,162.00 ,1.00 ,17.00 ,0.00%,0.00%,6.63%,10.62%,1.09%,4.90%,0.34%,4.76%,28.28%,0.00%,2.14%,24.48%,3.05%,13.72%,97.87%,0.00%,16.27%,1.93%,81.80%,0.00%,0.00%,0.00%,0.00%,0.00%,0.00%,0.00%,0.00%,5596
vk_ray_tracing_specialization_KHR_app,195.00 ,162.00 ,1.00 ,16.00 ,0.00%,0.00%,6.63%,10.62%,1.09%,4.90%,0.34%,4.76%,28.28%,0.00%,2.14%,24.48%,3.05%,13.72%,0.00%,0.00%,16.27%,1.93%,81.80%,0.00%,0.00%,0.00%,0.00%,0.00%,0.00%,0.00%,0.00%,5496
vk_ray_tracing__simple_KHR_app,20.00 ,162.00 ,1.00 ,22.00 ,0.00%,0.00%,4.89%,10.94%,1.13%,5.05%,0.36%,4.90%,28.85%,0.00%,1.90%,24.93%,3.15%,13.91%,97.90%,0.00%,16.08%,1.98%,81.94%,0.00%,0.00%,0.00%,0.00%,0.00%,0.00%,0.00%,0.00%,5529
vk_ray_tracing_callable_KHR_app,20.00 ,181.00 ,1.00 ,26.00 ,0.00%,0.00%,4.35%,10.77%,0.88%,4.97%,0.35%,4.83%,28.40%,0.00%,2.10%,26.55%,3.33%,13.47%,97.82%,0.00%,15.84%,1.95%,76.57%,0.00%,5.64%,0.00%,0.00%,0.00%,0.00%,0.00%,0.00%,5086
vk_ray_tracing_intersection_KHR_app,53.00 ,162.00 ,1.00 ,17.00 ,0.00%,0.00%,7.36%,9.79%,3.28%,5.96%,0.28%,3.40%,26.89%,0.00%,1.44%,22.92%,4.40%,14.28%,46.02%,0.00%,8.76%,1.08%,70.11%,0.00%,0.00%,0.00%,0.00%,0.00%,0.00%,0.00%,20.05%,3297
_AarchVisKitchenBlenderRenderFree3Dmodel,5110,1207,1,9.666666667,0.00%,0.00%,10.08%,19.04%,1.31%,1.32%,0.03%,21.71%,20.45%,0.61%,0.20%,15.09%,0.71%,9.44%,,96.27%,2.13%,0.00%,0.01%,0.00%,0.00%,0.00%,1.59%,0.00%,0.00%,0.00%,0.00%,129
_AfterCityFree3Dmodel,3229,1207,1,9.666666667,0.00%,0.00%,2.88%,4.30%,0.62%,1.83%,1.43%,6.70%,24.57%,1.58%,1.55%,32.05%,3.96%,18.55%,,0.12%,30.52%,0.02%,0.03%,0.65%,0.00%,4.63%,64.01%,0.00%,0.00%,0.00%,0.00%,76
_Agent327Barbershop,3163,1207,1,9.333333333,0.00%,0.00%,3.88%,5.11%,0.93%,2.49%,1.33%,6.69%,25.48%,1.85%,1.62%,27.41%,3.87%,19.32%,,0.00%,35.93%,0.03%,0.10%,3.50%,0.00%,2.75%,57.68%,0.00%,0.00%,0.00%,0.00%,58
_Alley-Free-3D-model,3541,1207,1,9.666666667,0.00%,0.00%,2.21%,2.99%,0.41%,1.23%,1.58%,7.47%,26.03%,0.99%,1.28%,32.29%,3.86%,19.65%,,0.00%,23.03%,0.02%,0.02%,0.00%,0.00%,0.11%,76.83%,0.00%,0.00%,0.00%,0.00%,117
_a-place-to-rest-and-think,3065,1207,1,9.333333333,0.00%,0.00%,10.22%,19.39%,1.26%,1.08%,0.00%,22.41%,20.43%,0.48%,0.08%,14.91%,0.58%,9.16%,,99.05%,0.20%,0.00%,0.00%,0.01%,0.00%,0.00%,0.74%,0.00%,0.00%,0.00%,0.00%,74
_Apocalyptic-City-Free-low-poly-3D-model,3347,1207,1,9.666666667,0.00%,0.00%,10.11%,19.19%,1.28%,1.20%,0.02%,22.06%,20.35%,0.55%,0.14%,15.26%,0.64%,9.21%,,97.11%,1.28%,0.00%,0.00%,0.00%,0.00%,0.00%,1.60%,0.00%,0.00%,0.00%,0.00%,110
_Architectural-Interior-Sence-Living-Room-Free-3D-model,3347,1207,1,9.666666667,0.00%,0.00%,10.15%,19.23%,1.26%,1.13%,0.01%,22.19%,20.33%,0.53%,0.11%,15.30%,0.60%,9.15%,,97.45%,0.94%,0.00%,0.00%,0.00%,0.00%,0.00%,1.61%,0.00%,0.00%,0.00%,0.00%,103
_Bistro,2626,935,1,12.66666667,0.00%,0.00%,1.67%,2.57%,0.23%,0.65%,1.82%,8.34%,28.10%,0.43%,1.16%,29.79%,4.02%,21.22%,,0.00%,9.49%,0.00%,0.02%,0.48%,0.00%,0.13%,89.87%,0.00%,0.00%,0.00%,0.00%,72
_blender_35_splash_nicole_morena,3505,1207,1,9.666666667,0.00%,0.00%,8.95%,7.52%,2.58%,8.34%,0.18%,2.70%,22.67%,3.92%,2.43%,19.19%,4.99%,16.54%,,0.00%,99.81%,0.05%,0.12%,0.01%,0.00%,0.01%,0.00%,0.00%,0.00%,0.00%,0.00%,93
_City,3303,1207,1,9.666666667,0.00%,0.00%,9.90%,18.80%,1.45%,1.45%,0.11%,22.08%,19.78%,0.62%,0.85%,14.20%,0.69%,10.06%,,96.32%,1.85%,0.00%,0.01%,0.00%,0.00%,0.24%,1.59%,0.00%,0.00%,0.00%,0.00%,162
_city-parking-garage,3229,1207,1,9.666666667,0.00%,0.00%,8.67%,8.13%,2.57%,7.20%,0.34%,2.80%,23.64%,3.76%,2.65%,18.26%,4.99%,17.00%,,0.59%,89.30%,0.03%,0.18%,3.94%,0.00%,0.39%,5.57%,0.00%,0.00%,0.00%,0.00%,140
_city-street,3475,1207,1,9.333333333,0.00%,0.00%,7.77%,8.46%,2.09%,4.93%,0.21%,2.72%,19.05%,3.81%,2.33%,29.38%,3.75%,15.51%,,0.19%,92.29%,0.06%,0.15%,0.12%,0.00%,7.18%,0.00%,0.00%,0.00%,0.00%,0.00%,74
_Classroom,3347,1207,1,9.666666667,0.00%,0.00%,10.09%,18.92%,1.34%,1.46%,0.04%,21.50%,20.50%,0.63%,0.22%,14.97%,0.77%,9.57%,,95.75%,2.66%,0.00%,0.01%,0.00%,0.00%,0.00%,1.58%,0.00%,0.00%,0.00%,0.00%,107
_ConferenceRoomSceneFree3Dmodel,3347,1207,1,9.666666667,0.00%,0.00%,10.11%,18.94%,1.33%,1.41%,0.04%,21.54%,20.51%,0.61%,0.20%,14.97%,0.76%,9.57%,,95.87%,2.54%,0.00%,0.01%,0.00%,0.00%,0.00%,1.58%,0.00%,0.00%,0.00%,0.00%,117
_CurveBevelProfile,3281,1207,1,9.333333333,0.00%,0.00%,10.46%,19.14%,1.23%,0.21%,0.02%,22.24%,20.69%,0.20%,0.11%,16.13%,0.11%,9.45%,,97.92%,1.41%,0.00%,0.01%,0.00%,0.00%,0.01%,0.66%,0.00%,0.00%,0.00%,0.00%,159
_DAE-Diorama-Eco-house,3194,1207,1,9.333333333,0.00%,0.00%,3.80%,4.92%,1.05%,2.95%,0.77%,4.47%,18.34%,3.02%,1.85%,42.36%,2.92%,13.56%,,0.06%,68.26%,0.06%,0.26%,2.52%,0.00%,0.79%,28.06%,0.00%,0.00%,0.00%,0.00%,122
_DARKROOM,3425,1207,1,9.666666667,0.00%,0.00%,7.59%,7.33%,2.31%,7.16%,0.22%,2.68%,20.33%,4.20%,2.50%,26.69%,4.36%,14.64%,,0.00%,99.46%,0.04%,0.16%,0.33%,0.00%,0.00%,0.00%,0.00%,0.00%,0.00%,0.00%,152
_De_Dust-2-with-real-light,3491,1207,1,9.666666667,0.00%,0.00%,4.05%,7.64%,0.13%,0.39%,7.22%,2.98%,16.90%,0.25%,3.75%,21.07%,14.67%,20.95%,,0.00%,1.62%,0.00%,0.00%,0.00%,0.00%,0.01%,98.37%,0.00%,0.00%,0.00%,0.00%,157
_dojo,3006,1207,1,9.333333333,0.00%,0.00%,10.10%,19.17%,1.28%,1.21%,0.02%,22.00%,20.37%,0.56%,0.15%,15.24%,0.65%,9.24%,,96.98%,1.40%,0.00%,0.01%,0.02%,0.00%,0.00%,1.60%,0.00%,0.00%,0.00%,0.00%,165
_Downtown-Low-poly-3D-model-Free-low-poly-3D-model,3303,1207,1,9.666666667,0.00%,0.00%,10.10%,19.16%,1.29%,1.21%,0.02%,21.98%,20.38%,0.57%,0.16%,15.26%,0.64%,9.24%,,96.93%,1.37%,0.00%,0.01%,0.09%,0.00%,0.00%,1.60%,0.00%,0.00%,0.00%,0.00%,118
_InteriorBFree3Dmodel,3541,1207,1,10,0.00%,0.00%,9.23%,8.44%,2.76%,7.79%,0.21%,2.62%,23.29%,4.25%,2.80%,16.26%,5.13%,17.22%,,0.00%,99.74%,0.04%,0.14%,0.00%,0.00%,0.07%,0.00%,0.00%,0.00%,0.00%,0.00%,131
_TheJunkShop,1544,1207,1,9,0.00%,0.00%,1.15%,2.88%,0.04%,0.12%,1.99%,8.72%,28.41%,0.31%,1.19%,29.41%,4.17%,21.61%,,0.05%,0.00%,0.00%,0.00%,0.00%,0.00%,4.39%,95.56%,0.00%,0.00%,0.00%,0.00%,82
